City,Province
Awaran,Balochistan
Barkhan,Balochistan
Bela,Balochistan
Chaman,Balochistan
Dalbandin,Balochistan
Dera Bugti,Balochistan
Dera Murad Jamali,Balochistan
Garmab,Balochistan
Ghanche,Balochistan
Gwadar,Balochistan
Harnai,Balochistan
Hub,Balochistan
Jaffarabad,Balochistan
Jhal Magsi,Balochistan
Kahan,Balochistan
Kallat,Balochistan
Kharan,Balochistan
Khuzdar,Balochistan
Killa Abdullah,Balochistan
Killa Saifullah,Balochistan
Lasbela,Balochistan
Loralai,Balochistan
Mastung,Balochistan
Musa Khel,Balochistan
Nasirabad,Balochistan
Nushki,Balochistan
Ormara,Balochistan
Panjgur,Balochistan
Pishin,Balochistan
Qila Saifullah,Balochistan
Quetta,Balochistan
Rakhni,Balochistan
Shahdadkot,Balochistan
Sibi,Balochistan
Tump,Balochistan
Zhob,Balochistan
Ziarat,Balochistan
Abbottabad,Khyber Pakhtunkhwa
Bannu,Khyber Pakhtunkhwa
Bara,Khyber Pakhtunkhwa
Batkhela,Khyber Pakhtunkhwa
Buner,Khyber Pakhtunkhwa
Charsadda,Khyber Pakhtunkhwa
Chitral,Khyber Pakhtunkhwa
Dera Ismail Khan,Khyber Pakhtunkhwa
Dir,Khyber Pakhtunkhwa
Hangu,Khyber Pakhtunkhwa
Haripur,Khyber Pakhtunkhwa
Jamrud,Khyber Pakhtunkhwa
Jand,Khyber Pakhtunkhwa
Khyber,Khyber Pakhtunkhwa
Kohat,Khyber Pakhtunkhwa
Kurram,Khyber Pakhtunkhwa
Lakki Marwat,Khyber Pakhtunkhwa
Landi Kotal,Khyber Pakhtunkhwa
Lower Dir,Khyber Pakhtunkhwa
Mansehra,Khyber Pakhtunkhwa
Mardan,Khyber Pakhtunkhwa
North Waziristan,Khyber Pakhtunkhwa
Nowshera,Khyber Pakhtunkhwa
Orakzai,Khyber Pakhtunkhwa
Pabbi,Khyber Pakhtunkhwa
Peshawar,Khyber Pakhtunkhwa
Pindi Gheb,Khyber Pakhtunkhwa
Shangla,Khyber Pakhtunkhwa
Shergarh,Khyber Pakhtunkhwa
South Waziristan,Khyber Pakhtunkhwa
Swabi,Khyber Pakhtunkhwa
Swat,Khyber Pakhtunkhwa
Takht Bhai,Khyber Pakhtunkhwa
Tank,Khyber Pakhtunkhwa
Upper Dir,Khyber Pakhtunkhwa
Arifwala,Punjab
Bahawalpur,Punjab
Bhakkar,Punjab
Burewala,Punjab
Chiniot,Punjab
Depalpur,Punjab
Dera Ghazi Khan,Punjab
Faisalabad,Punjab
Gujranwala,Punjab
Hafizabad,Punjab
Jalalpur Bhattian,Punjab
Jaranwala,Punjab
Jehlum,Punjab
Jhang,Punjab
Kahror Pakka,Punjab
Kasur,Punjab
Khanewal,Punjab
Khushab,Punjab
Kot Addu,Punjab
Lahore,Punjab
Layyah,Punjab
Mianwali,Punjab
Multan,Punjab
Muridke,Punjab
Narowal,Punjab
Okara,Punjab
Pakpattan,Punjab
Pattoki,Punjab
Rahim Yar Khan,Punjab
Rawalpindi,Punjab
Sahiwal,Punjab
Samundri,Punjab
Sargodha,Punjab
Sheikhupura,Punjab
Shorkot,Punjab
Sialkot,Punjab
Toba Tek Singh,Punjab
Badin,Sindh
Chachro,Sindh
Dadu,Sindh
Daro,Sindh
Daur,Sindh
Ghotki,Sindh
Hala,Sindh
Hyderabad,Sindh
Jacobabad,Sindh
Jamshoro,Sindh
Kandiaro,Sindh
Karachi,Sindh
Khairpur,Sindh
Khipro,Sindh
Kotri,Sindh
Lakha,Sindh
Larkana,Sindh
Matiari,Sindh
Mirpur Bathoro,Sindh
Mirpurkhas,Sindh
Naushahro Feroze,Sindh
Nawabshah,Sindh
Pano Aqil,Sindh
Pir Jo Goth,Sindh
Pithoro,Sindh
Qambar,Sindh
Samaro,Sindh
Sanghar,Sindh
Sann,Sindh
Shahdadkot,Sindh
Shahpur Chakar,Sindh
Shikarpur,Sindh
Sukkur,Sindh
Tando Adam,Sindh
Tando Allahyar,Sindh
Tharparkar,Sindh
Thatta,Sindh
Umerkot,Sindh
